IDENTIFICATION,,,,,,,,WELCOME SCREEN,,,SEO,,,,MONITORING,,,,CONTENT,,STABLE ID
Region,Country,State / Province,Destination,Parent Destination Slug,Zone Filter,Status,Timezone,Welcome Local Phrase,Welcome EN Phrase,Welcome Tagline,Page URL,Meta Title,Meta Description,Intro,Hotels Count,FAQs Count,Last Monitored,Next Monitor Due,Approved Views,Notes,Destination ID
Middle East,United Arab Emirates 🇦🇪,,Abu Dhabi,,,Published,Asia/Dubai,أهلاً وسهلاً في أبو ظبي,,Where the Gulf meets the Grand Mosque in white marble and turquoise.,/abu-dhabi-hotels-best-views,"Best Abu Dhabi Hotels with Sea Views — Saadiyat, Corniche & Mosque — The Most Perfect View","Twelve curated Abu Dhabi hotels chosen for genuine sea and city views — Saadiyat Island beaches, Corniche skyline, and the Sheikh Zayed Grand Mosque from the water.","Shallow turquoise water, white sand, and a skyline built to be seen. The Grand Mosque visible from a hotel terrace at night, the Al Bateen marina after dark, Saadiyat's Gulf horizon — and the Zayed National Museum and the Yas Island parks close enough to reshape the itinerary without leaving the city behind. No wonder Abu Dhabi keeps drawing us back.",12,8,4/30/2026,5/30/2026,,,DEST-00001
Europe,Portugal 🇵🇹,,Algarve,,,Published,Europe/Lisbon,Bem-vindo ao Algarve,,Ochre cliffs falling into the Atlantic — Portugal's south coast at its rawest.,/algarve-hotels-best-views,Algarve Hotels with the Best Sea Views — The Most Perfect View,"The Algarve's finest hotel views verified — Falésia's cliffs, São Rafael Beach, Sagres, Monchique mountains. Learn which room to book at each of the 17 properties.","Falésia's ochre cliffs, the raw Atlantic above Sagres, and a river facing Spain at the eastern tip give the Algarve more view angles than its beach reputation suggests. The properties below cover that range — all chosen for the view.",17,8,4/2/2026,5/2/2026,,,DEST-00002
Europe,Italy 🇮🇹,,Amalfi Coast,,,Published,Europe/Rome,Benvenuti sulla Costiera Amalfitana,,"Pastel villages perched above the Tyrrhenian, Positano to Vietri sul Mare.",/amalfi-coast-hotels-best-view,"Amalfi Coast Hotels with Views of Positano, Ravello & the Sea — The Most Perfect View","From Le Sirenuse's candlelit terrace to Caruso's infinity pool at 365m, the Amalfi Coast's 18 best-view hotels — with room recommendations for every property.","The Amalfi Coast runs for 50 kilometres between Positano and Vietri sul Mare, and every hotel on this list was chosen for a single reason: the view from the room. We've covered the full range — cliff-perched monasteries above the Gulf of Salerno, family-run four-stars in Praiano, and the five-star properties in Positano and Ravello that have defined the coast's reputation since the 1950s.",18,8,4/30/2026,5/30/2026,,,DEST-00003
Europe,Netherlands 🇳🇱,,Amsterdam,,,Published,Europe/Amsterdam,Welkom in Amsterdam,,Canal reflections at dusk where every gabled house holds the light differently.,/amsterdam-hotels-best-views,Amsterdam Hotels with the Best Canal Views — The Most Perfect View,"Herengracht, Prinsengracht, and the Amstel — Amsterdam hotels chosen for their canal, river, and skyline views. Room recommendations for every property on the list.","Amsterdam's views are canal views — but not all of them work the same way. The Herengracht, Prinsengracht, and Keizersgracht run through the historic core; the Amstel opens to the east; the IJ connects the city to the sea. What Amsterdam asks of a hotel is straightforward: put the water in the window, and these hotels surely rise to the expectations.",18,10,3/30/2026,4/29/2026,,,DEST-00004
Europe,Turkey 🇹🇷,,Antalya,,,Published,Europe/Istanbul,Antalya'ya hoş geldiniz,,The Taurus mountains meeting the Mediterranean from cliff-top hotel terraces.,/antalya-hotels-view,"Antalya Hotels for Views: Sea, Beach and the Taurus Mountains","Seven hotels chosen for the view — rooftop panoramas over the Gulf of Antalya, Belek beachfront resorts with Taurus backdrops, and a cliff-perched boutique above Mermerli Beach.","Antalya sits where the Taurus Mountains meet the Mediterranean, putting snowy peaks and turquoise water in the same frame. Cliffside retreats above Kaleiçi and sprawling Belek resorts mark the two extremes of the view offer here.",7,8,5/5/2026,3/8/2026,,,DEST-00005
Europe,Greece 🇬🇷,,Athens,,,Published,Europe/Athens,Καλώς ήρθατε στην Αθήνα,,The Acropolis lit at night above three thousand years of skyline.,/athens-best-hotels-view,Athens Hotels with the Best Acropolis Views — The Most Perfect View,"The Parthenon from a rooftop pool, a private terrace above Syntagma, a suite beside Hadrian's Arch — 16 Athens hotels selected for their Acropolis views, with room recommendations.","Athens has one view: the Acropolis, and in this city, it follows you — from the room window to the rooftop pool to the breakfast table. These hotels were chosen for exactly that — from the base of the rock in Monastiraki to the wider angle above Syntagma, and the Syngrou corridor where it sits between Lycabettus and the sea.",16,9,5/14/2026,6/13/2026,,,DEST-00006
Asia-Pacific,New Zealand 🇳🇿,,Auckland,,,Published,Pacific/Auckland,Welcome to Auckland,,"Two harbours, fifty volcanoes, and rooftop views over the Hauraki Gulf.",/auckland-hotels-best-view,Auckland Hotels with Views of the Sky Tower and Waitematā Harbour — The Most Perfect View,"The Viaduct marina, Wynyard Quarter waterfront, and CBD suites above the roofline — 17 Auckland hotels selected for the view, with room picks for each.","Auckland sits on an isthmus between two harbours, and its hotels reflect that geography: some face the Waitematā from the waterfront, others catch the Sky Tower from CBD towers above the surrounding roofline, and a few manage both at once. Seventeen properties are featured here, from a hotel built over a wharf on Princes Wharf to a Britomart rooftop with the harbour to the north and the city behind it.",17,8,4/28/2026,5/28/2026,,,DEST-00007
Asia-Pacific,Indonesia 🇮🇩,,Bali,,,Published,Asia/Makassar,Selamat datang di Bali,,"Rice terraces, volcanic ridges, and ocean cliffs that defined the infinity pool.",/bali-hotels-resorts-best-view,Bali Hotels and Resorts with the Best Beach and Jungle Views — The Most Perfect View,"Cliff-edge villas in Uluwatu, beachfront pools in Seminyak, jungle retreats above Ubud — 22 Bali luxury resorts and hotels, chosen for the view.","Bali's best hotel views span cliff drops in Uluwatu, open ocean shoreline in Seminyak, and the rice terraces and jungle ravines of Ubud's highlands — with the volcanic ridgelines of Mount Agung and Mount Batur defining the horizon at the island's highest positions. Every private villa and pool here was chosen for one reason: the view alone is worth the trip.",22,8,4/28/2026,5/28/2026,,,DEST-00008
Asia-Pacific,Thailand 🇹🇭,,Bangkok,,,Published,Asia/Bangkok,ยินดีต้อนรับสู่กรุงเทพ,,Golden temples and skyscrapers rising along the Chao Phraya at every river bend.,/best-bangkok-hotels-view,Bangkok Hotels with the Best Chao Phraya River & Skyline Views — The Most Perfect View,"Wat Arun across the water, infinity pools that float over the Chao Phraya, rooftop bars above the skyline — Bangkok hotels picked for the view, with room recommendations.","Bangkok's hotel views centre on the Chao Phraya — a working river wide enough to frame Wat Arun and the Grand Palace from a room or a rooftop pool. Above the river corridor, the city skyline rises high enough for open-air bars above the 60th floor and suites with the full Bangkok panorama below.",16,10,3/30/2026,4/29/2026,,,DEST-00009
Europe,Spain 🇪🇸,,Barcelona,,,Published,Europe/Madrid,Benvinguts a Barcelona,,"Gaudí's spires against the Mediterranean, framed by mountain and sea.",/barcelona-hotels-best-views,The Best Barcelona Hotels for Views: Sagrada Família & Beyond — The Most Perfect View,"From Eixample rooftop pools above Gaudí's spires to Gothic Quarter terraces at cathedral level, Barceloneta sea suites, and Gràcia hilltop panoramas. Room picks for each.","Barcelona's most magnetic views belong to Gaudí's unfinished masterpiece and the Mediterranean coastline that frames the city from the east. The best hotels in this guide earn their position by putting the Sagrada Família above the roofline, the Cathedral of Barcelona at eye level, or the sea visible from the room — not from the lobby. From the Eixample to Barceloneta, from the Gothic Quarter to the Tibidabo ridge, every hotel below was chosen for what you'll actually see.",28,9,4/16/2026,5/16/2026,,,DEST-00010
Asia-Pacific,China 🇨🇳,,Beijing,,,Published,Asia/Shanghai,欢迎来到北京,,"Imperial rooftops, hutong gardens, and the Forbidden City from a hotel terrace.",/beijing-hotels-best-views,"Beijing Luxury Hotels with Forbidden City, CCTV & Skyline Views — The Most Perfect View","The Forbidden City's rooftops, Beijing's CCTV Headquarters at room level, and the CBD skyline — eight of the best hotels in the Chinese capital, with room picks for each.","From a room in Beijing, the view is always a choice between the ancient and the modern — imperial rooflines that have stood for six centuries, or a skyline that turns checking in into something worth remembering.",8,8,4/27/2026,5/27/2026,,,DEST-00011
Europe,Germany 🇩🇪,,Berlin,,,Published,Europe/Berlin,Willkommen in Berlin,,Spree-facing balconies and Reichstag rooftops over a city rewritten every decade.,/berlin-hotels-best-views,Berlin Hotels with Views — Brandenburg Gate to Alexanderplatz — The Most Perfect View,"Floor-to-ceiling suites facing the Brandenburg Gate quadriga, Michelin-starred rooftops over Gendarmenmarkt, and the TV Tower at eye level from 120 metres above Alexanderplatz.","Berlin's best view hotels follow the line from the Brandenburg Gate to Alexanderplatz — Gendarmenmarkt, Tiergarten, and the Spree in between. The selection ranges from five-star suites at Pariser Platz to rooftop terraces above the eastern skyline.",14,10,4/24/2026,5/24/2026,,,DEST-00012
North America,United States 🇺🇸,Massachusetts,Boston,,,Published,America/New_York,Welcome to Boston,,"Brick townhouses and harbour light, from Beacon Hill to the Atlantic.",/boston-hotels-harbor-skyline-views,Boston Hotels with Harbor and Skyline Views — The Most Perfect View,"From Rowes Wharf's 60-foot arch to the 61st floor of One Dalton — harbor rooms, rooftop pools, and Back Bay skyline suites, all pinpointed.","Boston's most compelling views come from the water's edge — or from across it. The harbor defines the city's eastern skyline, and the hotels on this list sit either on it, above it, or facing it from the East Boston shore. Back Bay adds a second axis: the Prudential tower, Fenway's lights to the west, and the kind of unobstructed height that only comes from building on landfill.",15,8,4/30/2026,5/30/2026,,,DEST-00013
Europe,United Kingdom 🇬🇧,,Brighton,,,Published,Europe/London,Welcome to Brighton,,"Pebble beach, pier silhouette, and the English Channel at every window.",/brighton-seafront-hotels-view,Brighton Beachfront Hotels with the Best Sea Views — The Most Perfect View,"8 hotels selected for what you'll actually see — the English Channel, Palace Pier, West Pier ruins, and Brighton Marina. Room picks for each property.","Brighton's seafront runs along a single promenade, which makes the hotel choice unusually direct: the view either faces the English Channel or it doesn't. The properties here were selected for confirmed sightlines — from the Victorian grandeur of Kings Road to the Regency townhouses of Kemptown and the enclosed basin of Brighton Marina.",8,8,4/16/2026,5/16/2026,,,DEST-00014
Asia-Pacific,Australia 🇦🇺,,Brisbane,,,Published,Australia/Brisbane,Welcome to Brisbane,,The Story Bridge mirrored in the river at every tide change.,/brisbane-hotels-apartments-best-views,Brisbane Hotels with the Best Views of the River & Story Bridge — The Most Perfect View,"Story Bridge from a rooftop bar, the river from a 74th-floor suite, South Bank from a CBD balcony — curated hotels with room recommendations.","Brisbane's great views are defined by the river — the Brisbane River bends through the CBD in a way that puts the Story Bridge, the South Bank skyline, and the city towers in the same frame from a hotel window. The view might come from a 21st-floor rooftop terrace, a riverfront pool deck directly beneath a bridge, or a suite on the 74th floor looking across the full sweep of the city.",16,10,5/14/2026,8/12/2026,,,DEST-00015
Europe,Hungary 🇭🇺,,Budapest,,,Published,Europe/Budapest,Üdvözöljük Budapesten,,Buda Castle and Parliament glowing across the Danube at every blue hour.,/budapest-hotels-best-view,Budapest Hotels with the Best Views — The Most Perfect View,"Hotels in Budapest where the Danube, the Chain Bridge, and Castle Hill do the talking — on both banks, across every price point.","A river wide enough to split a capital in two, and hotels positioned on both banks to make that division the point. Buda Castle from the Pest embankment. Parliament from the Buda side. The Chain Bridge, the Basilica, the castle district at night — and rooftop bars that understand what it means to have a view worth staying up for. Budapest rewards the choice of which bank to book.",15,8,4/30/2026,5/30/2026,,,DEST-00016
South America,Argentina 🇦🇷,,Buenos Aires,,,Published,America/Argentina/Buenos_Aires,Bienvenidos a Buenos Aires,,Belle Époque rooftops and the Río de la Plata in soft Patagonian light.,/buenos-aires-hotels-best-views,"Buenos Aires Hotels with Views: Obelisco, Recoleta & Puerto Madero — The Most Perfect View","Buenos Aires seen from 12 different windows: the Obelisco from Retiro, the Recoleta rooftops, the Puerto Madero docks, and the open Río de la Plata. Room picks for each hotel.","Buenos Aires orders itself around four fixed points: the Obelisco on Avenida 9 de Julio, the marble canopy of the Recoleta Cemetery, the docks of Puerto Madero, and the skyline that rises behind all three. The hotels on this list are spread across those neighborhoods — from century-old Recoleta addresses to glass towers facing the Río de la Plata.",12,8,4/29/2026,5/29/2026,,,DEST-00017
Africa,Egypt 🇪🇬,,Cairo,,,Published,Africa/Cairo,مرحباً بك في القاهرة,,Pyramids on the horizon and the Nile threading through six thousand years.,/cairo-hotels-pyramid-nile-view,Cairo Hotels with Pyramid and Nile Views,Hotels in Cairo chosen for direct views of the Giza Pyramids and the Nile River — from pool terraces above the plateau to Corniche towers at the water's edge.,Cairo's best views split between the Nile running through the city center and the Pyramids rising from the desert plateau eight kilometers west. The properties here face one or both — from rooms and balconies on the Corniche to pool decks and terraces with a direct line to Giza.,10,8,5/19/2026,8/17/2026,,,DEST-00018
Caribbean & Mexico,Mexico 🇲🇽,,Cancún,,,Published,America/Cancun,Bienvenidos a Cancún,,Caribbean turquoise and white sand — the Yucatán at its most polished.,/cancun-hotels-resorts-best-view,Cancun Hotels Where the Caribbean Is the View — The Most Perfect View,"Ten resorts selected for direct Caribbean views — Hotel Zone to Costa Mujeres. Swim-up suites, rooftop pools, and private beaches. Room picks for each property.","Cancun faces the Caribbean on a narrow sandbar where the sea is never more than a few minutes away — but the quality of the view changes dramatically between KM 7 and KM 21, and again north of the city in Costa Mujeres. The hotels below were chosen because the water is the point: some from a suite terrace, others from a rooftop pool or a beachfront cabana on a private stretch where the crowds don't reach.",10,8,4/28/2026,5/28/2026,,,DEST-00019
North America,United States 🇺🇸,Oregon,Cannon Beach,,,Published,America/Los_Angeles,Welcome to Cannon Beach,,Haystack Rock rising 235 feet from the Pacific at every low tide.,/best-cannon-beach-hotels-oceanfront-view,The Best Cannon Beach Hotels with Views of Haystack Rock — The Most Perfect View,"Hotels in Cannon Beach chosen for their views of Haystack Rock and the Pacific. The best places to stay on the Oregon Coast, verified for view quality.","At Cannon Beach, the view comes with a landmark. Haystack Rock rises 235 feet from the shoreline, visible from nearly every room on this list. The seven hotels here — from the intimate Stephanie Inn to the sprawling Surfsand Resort — share one constant: the Pacific, unobstructed.",7,8,4/30/2026,5/30/2026,,,DEST-00020
Africa,South Africa 🇿🇦,,Cape Town,,,Published,Africa/Johannesburg,Welcome to Cape Town,,"Table Mountain framing the city, the Atlantic on three sides.",/cape-town-best-hotels-view,"Cape Town Hotels: Table Mountain, V&A Waterfront & Camps Bay Views — The Most Perfect View",From V&A Waterfront suites with Table Mountain views to ocean-facing rooms above Camps Bay — curated picks and room recommendations for each hotel.,"Cape Town's hotel views span the V&A Waterfront's harbour-and-mountain geometry, the Atlantic Seaboard's clifftop positions above Camps Bay, and City Bowl properties that frame Table Mountain as a close-up backdrop.",19,10,4/27/2026,5/27/2026,,,DEST-00021
Europe,Portugal 🇵🇹,,Cascais & Estoril,,,Published,Europe/Lisbon,Bem-vindo a Cascais,,Atlantic light on the Estoril coast — Lisbon's grandest weekend escape.,/cascais-estoril-hotels-best-views,Cascais & Estoril Hotels with Atlantic Ocean Views — The Most Perfect View,"Hotels steps from Tamariz, Guincho, and Cascais Bay — 12 properties selected for clifftop Atlantic rooms, marina-view balconies, and beach-facing terraces. Room picks for each.","The Cascais coast has the Atlantic on one side and some of Portugal's most photographed beaches on the other — Guincho's open surf, Tamariz's calm bay, and the fishing beaches at the center of town. The hotels here sit above the rocks, inside a 16th-century citadel, and along the Estoril seafront — all chosen because the water stays in frame.",12,8,4/2/2026,5/2/2026,,,DEST-00022
North America,United States 🇺🇸,Illinois,Chicago,,,Published,America/Chicago,Welcome to Chicago,,"Lake Michigan at sunrise, the Magnificent Mile at night, architecture as horizon.",/chicago-hotels-romantic-lake-views,"Chicago Hotels with Views of Lake Michigan, Navy Pier & Skyline — The Most Perfect View","Balconies over the Magnificent Mile, rooftop bars above the Chicago River, and romantic suites where Lake Michigan fills the window. Room picks and view types included.","Chicago's great views come in two forms: the lake to the east, and the river running through the city below. From a room or a rooftop on the Magnificent Mile, Lake Michigan can feel genuinely close — Navy Pier visible, the water catching the light, the skyline shifting as the day turns.",22,8,4/30/2026,5/30/2026,,,DEST-00023
Europe,Denmark 🇩🇰,,Copenhagen,,,Published,Europe/Copenhagen,Velkommen til København,,Harbour-front design and copper spires reflected in still Nordic water.,/copenhagen-hotels-best-views,"Copenhagen Hotels with Views of Nyhavn, Tivoli & the Harbor — The Most Perfect View","The room that faces the canal, the suite above the Opera House, the pool where fireworks arc overhead — and which floor to book at each of the 16.","Copenhagen's hotel views are shaped by water — Nyhavn's canal, the inner harbor, the Øresund beyond, and copper spires that change color as the light shifts. The properties here range from 18th-century harbor warehouses to a pool terrace with Tivoli's fireworks overhead, all chosen for what they put in frame.",16,9,4/24/2026,5/24/2026,,,DEST-00024
Europe,United Kingdom 🇬🇧,,Cornwall,,,Published,Europe/London,Welcome to Cornwall,,Slate cliffs falling into Atlantic surf — England's last edge before the ocean.,/hotels-cornwall-sea-views,"Cornwall Hotels with Sea Views — Newquay, St. Mawes and St. Ives — The Most Perfect View","Clifftop suites above the Atlantic, a beachfront room on Tolcarne Beach, harbour views in St. Mawes fishing village — with a pick for each property.","Along Cornwall's Atlantic coast, the cliffs rise steeply enough that sea views come as standard — what varies is the angle: clifftop headland, beach-level terrace, or harbour at low tide. The hotels below run from Newquay and Mawgan Porth on the north coast to St. Mawes and St. Ives in the south.",9,9,4/16/2026,5/16/2026,,,DEST-00025
North America,United States 🇺🇸,Texas,Dallas,,,Published,America/Chicago,Welcome to Dallas,,"Glass towers above the Texas plains, sunset stretching for miles.",/dallas-hotels-best-views,Dallas Hotels with Views of the Skyline and Reunion Tower — The Most Perfect View,"Downtown Dallas towers at close range, Fountain Place filling a corner window, rooftop pools above Uptown and McKinney — room picks included.","Dallas is a skyline city — Reunion Tower as the anchor, Fountain Place close enough to fill a hotel room window at the right floor. The hotels here range from Uptown rooftops above McKinney Avenue to a golf resort in the Las Colinas hills, all chosen because the view is a genuine reason to book.",13,8,4/23/2026,5/23/2026,,,DEST-00026
North America,United States 🇺🇸,Florida,Daytona Beach,,,Published,America/New_York,Welcome to Daytona Beach,,Twenty-three miles of hard-packed sand and Atlantic dawn over the dunes.,/daytona-beach-oceanfront-hotels-view,Daytona Beach Hotels with the Best Oceanfront Views,From the central pier to Daytona Beach Shores — five oceanfront hotels including a Four-Diamond spa resort and a Marriott with every room facing the sea.,"Daytona Beach runs along the Atlantic in central Florida, from the Main Street pier south through the quieter Daytona Beach Shores. Five oceanfront hotels span the strip, from a music-branded tower to a Four-Diamond spa resort on a wide flat beach.",5,8,12/5/2026,10/8/2026,,,DEST-00027
Middle East,Qatar 🇶🇦,,Doha,,,Published,Asia/Qatar,أهلاً وسهلاً في الدوحة,,A dhow-lined Corniche meeting a futurist skyline rising from the desert.,/doha-hotels-resorts-best-views,"Doha Hotels Chosen for the View — Gulf, Beach & Lusail Marina — The Most Perfect View","A private island, a Corniche suite, a rooftop above Old Doha. Where you stay in Qatar determines the view. Fifteen hotels with room picks for each.","Qatar built its skyline fast enough that some of the best hotels on the Gulf Corniche were already landmarks before the city around them was finished. Today, West Bay's waterfront is complete — private beaches, open Gulf, and the Corniche promenade in a single strip — Lusail Marina Corniche is the new front line, and The Pearl-Qatar sits offshore from both, a private island that exists outside the city's chronology entirely. The fifteen hotels below span all three.",15,8,4/29/2026,5/29/2026,,,DEST-00028
Middle East,United Arab Emirates 🇦🇪,,Dubai,,,Published,Asia/Dubai,أهلاً وسهلاً في دبي,,Where the Burj Khalifa and the Arabian Gulf share the same window.,/dubai-hotels-best-views,"Dubai Hotels with Burj Khalifa Views — Palm, Marina & the Gulf — The Most Perfect View","Burj Khalifa above the fountain, open sea from Palm Jumeirah, skyline from the beach — 21 hotels chosen for what fills the frame. Room picks for each","A skyline raised from desert sand in four decades — the Burj Khalifa, the Burj Al Arab, the Ain Dubai wheel — visible from a room or a rooftop against the Arabian Gulf. The hotels here run from Palm Jumeirah beaches to Downtown and the Marina, each chosen for the specific view it commands.",21,9,4/29/2026,5/29/2026,,,DEST-00029
Europe,United Kingdom 🇬🇧,,Edinburgh,,,Published,Europe/London,Welcome to Edinburgh,,"Castle rock, volcanic crags, and the Firth of Forth in northern light.",/edinburgh-hotels-best-views,Edinburgh Hotels with Views of Edinburgh Castle — The Most Perfect View,"Castle-facing rooms from Princes Street to the Grassmarket, plus city and skyline views from the New Town — nine Edinburgh hotels, with room recommendations.","Edinburgh Castle sits on an extinct volcano above a city built to be seen from a height. The views here are specific — from a room on Princes Street looking west, from a high floor above the Royal Mile, or from a rooftop above the New Town — and the hotel that captures each one best is rarely the obvious choice. These nine properties cover the castle, the city skyline, the Old Town spires, and Arthur's Seat.",9,9,3/20/2026,4/19/2026,,,DEST-00030
Europe,Italy 🇮🇹,,Florence,,,Published,Europe/Rome,Benvenuti a Firenze,,"The Arno, the Duomo's dome, and Tuscan hills at every golden hour.",/florence-hotel-views,Florence Hotels with Views of the Duomo & Ponte Vecchio — The Most Perfect View,"15 hotels selected for the view you'll actually get — the dome at eye level, the Arno from a private terrace, and Florence's full skyline from the hills above. Room picks for each.","Florence's most coveted views are specific: the Duomo from a rooftop pool above Piazza Santa Maria Novella, Ponte Vecchio from a private suite terrace at a medieval address on the Arno, and the full skyline from the Fiesole hills. Whether the view is in the room or above it depends on where you book.",15,8,4/30/2026,5/30/2026,,,DEST-00031
North America,United States 🇺🇸,Florida,Fort Lauderdale,,,Published,America/New_York,Welcome to Fort Lauderdale,,Intracoastal canals and Atlantic beaches — the Venice of America.,/fort-lauderdale-hotels-ocean-view,Fort Lauderdale Hotels with Ocean and Waterway Views,"Eight hotels facing the Atlantic or Intracoastal — glass towers on A1A, an all-suite beachfront resort, and a rotating lounge above Fort Lauderdale's marina.","Along A1A, Fort Lauderdale Beach sits between the Intracoastal and the open Atlantic. Eight hotels curated for their views — from an all-suite oceanfront tower to the city's iconic rotating marina lounge, reopened in 2024.",8,8,5/12/2026,10/8/2026,,,DEST-00032
Europe,Portugal 🇵🇹,,Funchal,,,Published,Atlantic/Madeira,Bem-vindo ao Funchal,,"Madeira's amphitheatre of gardens above the Atlantic, evergreen in every season.",/funchal-hotels-ocean-view,Funchal Hotels with Ocean View — Madeira,"Clifftop palaces above the Lido, rooftop pools overlooking the cathedral and bay, and a boutique garden estate in private botanical gardens — Funchal hotels curated for the views they deliver.",Madeira's capital faces south across open ocean from a hillside of subtropical gardens and terracotta rooftops. Hotels range from century-old clifftop palaces along the Lido to boutique estate retreats in private botanical gardens.,8,8,5/12/2026,8/10/2026,,,DEST-00033
Europe,Switzerland 🇨🇭,,Geneva,,,Published,Europe/Zurich,Bienvenue à Genève,,"Lake reflections, the Jet d'Eau, and Mont Blanc on the clearest mornings.",/geneva-hotels-best-lake-geneva-views,"Geneva Hotels with Views of the Jet d'Eau, Lake Geneva & Mont Blanc — The Most Perfect View","Lakefront five-star hotels on Quai du Mont-Blanc and beyond, curated for the quality of their views — with specific room picks for each address.","Geneva's most celebrated landmark, the Jet d'Eau, rises 140 metres above Lake Geneva — and the city's finest hotels are positioned to make the most of it. From the historic palaces lining Quai du Mont-Blanc to a 17-floor tower above the United Nations quarter, the options here combine some of Switzerland's most exceptional views with the operational excellence the city is known for.",9,9,4/1/2026,5/1/2026,,,DEST-00034
Asia-Pacific,Australia 🇦🇺,,Gold Coast,,,Published,Australia/Brisbane,Welcome to the Gold Coast,,Forty-two kilometres of beach and a skyline that meets the surf.,/gold-coast-hotels-best-view,Gold Coast Hotels with the Best Beach and Ocean Views — The Most Perfect View,"Gold Coast hotels selected for their Pacific Ocean views — Surfers Paradise, Broadbeach, and Coolangatta. Room and floor recommendations for every property.","The Gold Coast is 57 kilometres of east-facing coastline, and most of the best rooms on this list have the Pacific as a permanent fixture. The views range from eye-level at the beach to the coast curving away in both directions from the 60th floor — from a room or a rooftop, depending on the hotel.",11,8,3/21/2026,4/20/2026,,,DEST-00035
Asia-Pacific,China 🇨🇳,,Guangzhou,,,Published,Asia/Shanghai,欢迎来到广州,,Canton Tower reflected in the Pearl River — southern China rebuilt in glass.,/guangzhou-hotels-best-views,The Best Guangzhou Hotels with Views of the Canton Tower & Skyline — The Most Perfect View,From river level on Haixinsha Island to the highest hotel in southern China — nine properties with Pearl River and Canton Tower views. Room picks included.,"Guangzhou's skyline is anchored by a single unmistakable landmark — the Canton Tower — and the city's best hotels are chosen for how directly they face it. Nine properties are featured here, ranging from supertall towers that look down on the tower from above 400 metres to an island hotel that places it across the Pearl River at eye level.",9,9,4/27/2026,5/27/2026,,,DEST-00036
North America,United States 🇺🇸,California,Half Moon Bay,,,Published,America/Los_Angeles,Welcome to Half Moon Bay,,"Pacific cliffs, Mavericks surf, and Pillar Point on the coast's quietest stretch.",/half-moon-bay-hotels-best-ocean-view,"Half Moon Bay Hotels Above the Pacific — Bluffs, Harbor & Beach — The Most Perfect View","Three Rocks Beach below the Ritz-Carlton, Pillar Point Harbor from boutique suites, Mavericks in the distance. Four hotels selected for view quality — with room picks for each.","Half Moon Bay sits 28 miles south of San Francisco on a stretch of coast where the land drops sharply into the Pacific. The hotels here divide across two positions: the southern bluffs above Three Rocks Beach, where the Ritz-Carlton commands the cliff edge, and Pillar Point Harbor to the north, where fishing boats and whale-watching tours leave from the same dock.",4,8,4/21/2026,5/21/2026,,,DEST-00037
Europe,Germany 🇩🇪,,Hamburg,,,Published,Europe/Berlin,Willkommen in Hamburg,,Elbphilharmonie above the harbour — Germany's most cinematic port city.,/hamburg-hotels-best-views,"Hamburg Hotels with the Best Views of the Alster, Elbe and Elbphilharmonie — The Most Perfect View","A curated shortlist of Hamburg hotels where the Alster lakes, the Elbe harbour, and the city's church spires are the reason to book the room you book.","Hamburg's skyline is best understood from a high floor or a lakeside balcony — the church spires, the Elbphilharmonie, and the Alster lakes arrange themselves differently depending on where you're standing. The hotels here were selected because that view is what defines the stay.",12,10,4/25/2026,5/25/2026,,,DEST-00038
Asia-Pacific,China 🇨🇳,,Hong Kong,,,Published,Asia/Hong_Kong,歡迎來到香港,,"Victoria Harbour skyline, the Peak, and three sides of South China Sea.",/hong-kong-hotel-views,Best Hotels in Hong Kong with a View of Victoria Harbour — The Most Perfect View,"Our curated selection of the best hotels in Hong Kong with views of Victoria Harbour and the skyline — Kowloon, Central, and Wan Chai, verified room by room. 15 hotels, from the Avenue of the Stars to the world's highest bar.","Victoria Harbour creates one of the world's most concentrated hotel frontages — a dense skyline on one side, the opposite shore close enough to read from a room. The hotels on this list are positioned directly on that view, across Tsim Sha Tsui, West Kowloon, Central, Admiralty, and Wan Chai, each verified for view substance rather than proximity alone. We've included the full range: waterfront rooms at eye level, upper-floor suites above the harbour, and the outliers that earn their place for different reasons.",15,8,4/30/2026,5/30/2026,,,DEST-00039
North America,United States 🇺🇸,Hawaii,Honolulu,,,Published,Pacific/Honolulu,Welcome to Honolulu,,Diamond Head above Waikiki — the Pacific in shades the mind cannot store.,/honolulu-hotels-best-waikiki-view,Honolulu: 13 Hotels Selected for Waikiki & Ocean Views Alone — The Most Perfect View,"Balconies above the surf, rooftop infinity pools facing Diamond Head, and private-beach retreats beyond the crater. Curated for the view — with room picks for each property.",Waikiki Beach and Diamond Head define the view from Honolulu's finest hotels. The properties here range from nine-suite residences above the surf to century-old beachfront institutions — each selected for the quality and consistency of the ocean panorama.,13,10,4/23/2026,5/23/2026,,,DEST-00040
Europe,Turkey 🇹🇷,,Istanbul,,,Published,Europe/Istanbul,İstanbul'a hoş geldiniz,,"Hagia Sophia, the Bosphorus, and two continents from a single window.",/istanbul-hotels-best-views,"Istanbul Hotels with Views of the Bosphorus, Hagia Sophia & the Mosques — The Most Perfect View","Bosphorus waterfront rooms, palace hotels on the strait, and Old City terraces facing Hagia Sophia — 17 properties with room recommendations for each.","Istanbul spreads its landmarks across two continents, the Bosphorus threading between Ottoman domes and the Asian shore. This guide runs from waterfront palace suites and Ortaköy mansions to Sultanahmet rooftops and hilltop panoramas above Dolmabahçe.",17,9,4/14/2026,5/14/2026,,,DEST-00041
Asia-Pacific,Malaysia 🇲🇾,,Kuala Lumpur,,,Published,Asia/Kuala_Lumpur,Selamat datang ke Kuala Lumpur,,"Petronas Towers above rainforest canopy, still visible from rooftop pools.",/kuala-lumpur-hotels-best-views,Kuala Lumpur Hotels: Petronas Twin Towers & City Views — The Most Perfect View,"Petronas Twin Towers views verified — from the closest room in the KLCC corridor to the only hotel that looks down at them. 9 hotels, room recommendations included.","The Petronas Twin Towers — the ones Sean Connery and Catherine Zeta-Jones scaled in Entrapment — are the reason most people look up in Kuala Lumpur. The hotels on this list are chosen for how close that view gets: from rooms in the KLCC corridor where the towers fill the window, to the floors of Merdeka 118 where they appear below the horizon.",9,8,4/17/2026,5/17/2026,,,DEST-00042
North America,United States 🇺🇸,California,Laguna Beach,,,Published,America/Los_Angeles,Welcome to Laguna Beach,,"Coves, cliffs, and kelp gardens along Southern California's most painted coast.",/laguna-beach-hotels-ocean-view,Laguna Beach Hotels with Ocean Views — California Coast,"Clifftop rooms above private sand, beachfront suites that open to the Pacific, and a canyon resort in Aliso Canyon — six hotels selected for the view.",Laguna Beach runs for seven miles of cliffside coves and rocky headlands between Newport Beach and Dana Point. The hotels here range from blufftop resorts above private stretches of sand to canyon retreats a short walk from the surf.,6,8,11/5/2026,9/8/2026,,,DEST-00043
Europe,Italy 🇮🇹,,Lake Como,,,Published,Europe/Rome,Benvenuti sul Lago di Como,,Cypress-lined villas and pre-Alpine peaks reflected in mirror-still water.,/lake-como-hotels-best-views,"Lake Como Hotels with Views of Bellagio, the Alps & the Lake — The Most Perfect View","Balconies over the lake in Bellagio and Tremezzo, floating pools on the water, a Michelin terrace at dusk. Room recommendations for each of the 11 hotels.","Lake Como's shape forces a choice: the southern width near Como, the narrow gap at Tremezzo where Bellagio reads clearly from across the water, the promontory where both arms of the lake divide at once. The view belongs to a room, a floating pool, or a terrace, depending on the hotel — and in several cases, to all three.",11,8,4/30/2026,5/30/2026,,,DEST-00044
Europe,United Kingdom 🇬🇧,,Lake District,,,Published,Europe/London,Welcome to the Lake District,,"England's lakes, fells, and Wordsworth country in shifting Cumbrian light.",/lake-district-hotels-best-view,"Lake District Hotels with a View · Boutique, Lakefront & Romantic — The Most Perfect View","Selected for genuine views of Windermere, the fells, and Grasmere. Lakefront positions, hilltop terraces, and fell retreats. Room recommendations for each.","Northwest England's Lake District — a UNESCO World Heritage Site — centres on Windermere, England's longest lake, and the fell ranges that ring it on all sides. These nine hotels span direct waterfront positions, hilltop vantages above the lake, and remote fell retreats deep in Borrowdale and the central fells.",9,9,4/15/2026,5/15/2026,,,DEST-00045
Europe,Italy 🇮🇹,,Lake Garda,,,Published,Europe/Rome,Benvenuti sul Lago di Garda,,"Italy's largest lake — Dolomites to the north, lemon groves to the south.",/lake-garda-hotels-best-views-romantic-holidays,Lake Garda Hotels with the Best Views for Romantic Stays — The Most Perfect View,"Eight Lake Garda hotels with verified water views, from a clifftop spa resort above Torri del Benaco to a neoclassical villa in Gardone Riviera.","Italy's largest lake runs 52 kilometres between the Alps and the Po Valley, with the view changing character as the water widens from north to south. The northern basin near Riva del Garda frames limestone mountains on both sides; further south, the lake opens into a broader panorama. The hotels on this list sit on both shores — with views that belong to a room, a terrace, or an infinity pool, depending on where you stay.",8,8,4/30/2026,5/30/2026,,,DEST-00046
North America,United States 🇺🇸,Nevada,Las Vegas,,,Published,America/Los_Angeles,Welcome to Las Vegas,,"The Strip from a high floor, the Mojave Desert in every direction.",/las-vegas-hotels-strip-view,"Las Vegas Hotels with Views of the Strip, Bellagio Fountains & the Sphere — The Most Perfect View","Twelve Las Vegas Strip hotels selected for view quality — Bellagio fountain suites, Sphere-facing rooms, private balconies. Room recommendations for each.","The Las Vegas Strip is one of the few places where the view from a hotel suite is itself a landmark: the Bellagio fountains choreographing below a terrace, the Sphere running its nightly display against the desert horizon, the boulevard reading south to north like an inventory of extravagance.",12,8,3/31/2026,4/30/2026,,,DEST-00047
Europe,Portugal 🇵🇹,,Lisbon,,,Published,Europe/Lisbon,Bem-vindo a Lisboa,,Seven hills of tiled façades and the Tagus catching every kind of light.,/lisbon-hotels-best-views,"Lisbon Hotels with Views of the Tagus, Castle & River — The Most Perfect View","Castle-hill sightlines, Tagus riverfront suites, and Alfama rooftops — 22 Lisbon hotels chosen for what you'll actually see from the room. Room recommendations for each.","Older than almost any European capital and built on seven hills above the Tagus, Lisbon stacks its best hotel views between two axes: the river and the castle. The 22 hotels below range from the waterfront in Belém to the Alfama slopes directly below São Jorge Castle.",22,9,4/1/2026,5/1/2026,,,DEST-00048
Europe,United Kingdom 🇬🇧,,Llandudno,,,Published,Europe/London,Croeso i Llandudno,,"Victorian promenade, Great Orme headland, the Irish Sea on a Welsh edge.",/llandudno-seafront-hotels-sea-view,"Llandudno Hotels with Sea Views — Llandudno Bay, Great Orme — The Most Perfect View",Seven seafront hotels in Llandudno chosen for bay views — from Promenade balconies to East Parade bay windows. Room recommendations for every property.,"Llandudno Bay curves between the Great Orme and Little Orme headlands on the North Wales coast, the Victorian promenade unbroken along its full length. The hotels here range from a full-service property with an indoor pool and two-AA-Rosette dining to adult-only guesthouses built around bay windows and a pair of binoculars.",7,8,4/15/2026,5/15/2026,,,DEST-00049
Europe,United Kingdom 🇬🇧,,London,,,Published,Europe/London,Welcome to London,,Thames bends and parliament towers — a skyline rebuilt over two thousand years.,/london-hotel-views,London Hotels with the Best Views — The Most Perfect View,"River-facing rooms on the Thames, London Eye views from the South Bank, rooftop bars above the City, park suites in Mayfair — London's most view-worthy addresses.","London fixes its best views at specific addresses: the Thames and London Eye from a South Bank balcony, Tower Bridge from an apartment beside the river, the City skyline from The Shard's upper floors, Hyde Park from a Mayfair suite. Some of these views belong to the room; others are the reason to book a rooftop table.",26,9,5/6/2026,8/4/2026,,,DEST-00050
North America,United States 🇺🇸,California,Los Angeles,,,Published,America/Los_Angeles,Welcome to Los Angeles,,"Pacific to the west, Hollywood Hills above, the city stretching to every horizon.",/hotels-los-angeles-best-views,Los Angeles Hotels with Views of the Hollywood Sign & Downtown Skyline — The Most Perfect View,"Hollywood Hills from a Beverly Hills suite, Downtown from a Sunset Strip rooftop, and Spire 73 from the city's tallest tower. Room recommendations for all 14 listed hotels.","Los Angeles hands different views to different addresses: the Hollywood Sign from the hills above Sunset, the Downtown skyline from towers on Grand Avenue, the Santa Monica Mountains from Beverly Hills rooftops. These are the addresses where the city stops being backdrop and becomes the reason you booked.",14,9,4/21/2026,5/21/2026,,,DEST-00051
Europe,Switzerland 🇨🇭,,Lugano,,,Published,Europe/Zurich,Benvenuti a Lugano,,"An Italian-Swiss lake, palm-fringed promenades, pre-Alps in glass water.",/lugano-hotels-best-lake-views,The Best Hotels in Lugano for Lake Views and Mountain Panoramas — The Most Perfect View,"From Belle Époque lakefront palaces to hillside boutiques above Paradiso, nine hotels where the lake is always in the frame — and which room to book.","Narrower than Como and more enclosed than Geneva, Lake Lugano gives Monte San Salvatore a presence that orients almost every view on the water. The hotels below range from the lakefront to 850 meters above it — all chosen because the view stays in frame.",9,8,4/1/2026,5/1/2026,,,DEST-00052
Europe,France 🇫🇷,,Lyon,,,Published,Europe/Paris,Bienvenue à Lyon,,"Two rivers, three hills, and France's grandest gastronomic skyline.",/lyon-hotels-best-views,Lyon Hotels with Views of the Rhône and Fourvière — The Most Perfect View,"Five hotels chosen for river and hilltop views — the Rhône from the Presqu'île, Old Lyon from Fourvière, and a 32nd-floor panorama that includes the Alps. Room recommendations for each.","Lyon sits between two rivers and rises sharply onto Fourvière Hill — the hotels here were chosen for views that use both: river-facing rooms on the Presqu'île, hilltop terraces above Old Lyon, and a tower position that frames the city and the Alps from the 32nd floor.",5,8,4/15/2026,5/15/2026,,,DEST-00053
Europe,Portugal 🇵🇹,,Madeira,,,Published,Atlantic/Madeira,Bem-vindo à Madeira,,Atlantic cliffs and laurel forests on an island shaped by volcanoes.,/madeira-best-hotels-ocean-view,Madeira Hotels with Views of the Atlantic and Volcanic Cliffs,"North coast cliffs, volcanic lava pools, a cliff vineyard, and the island's only sandy beach — hotels across three Madeiran coastlines, selected for the view.","Madeira's volcanic cliffs meet the Atlantic from north, south, and west, putting its hotels unusually close to open ocean on every side of the island. The selection here ranges from a 5-star design resort above a sandy beach to a minimalist cliff boutique in the island's sunniest village.",6,8,5/12/2026,8/10/2026,,"Also block (custom): ""For hotel views in Madeira's capital city, explore our Funchal destination page.""",DEST-00054
Europe,Spain 🇪🇸,,Madrid,,,Published,Europe/Madrid,Bienvenidos a Madrid,,"Royal palace, Retiro Park, and rooftop bars under Castilian sunset.",/madrid-hotels-best-views,"Madrid Hotels with Views of Gran Vía, the Royal Palace & Prado — The Most Perfect View","Rooftop pools over the Gran Vía skyline, suites facing the Golden Triangle of Art, balconies on Plaza Mayor, and terraces in Salamanca. 20 hotels selected for the view.","Madrid stacks its most photogenic landmarks close together — Gran Vía, the Royal Palace, the Almudena Cathedral, and the Prado all within walking distance of the city center. The hotels here range from tower-floor suites above the Paseo de la Castellana to Baroque palaces with balconies on Plaza Mayor.",20,10,4/16/2026,5/16/2026,,,DEST-00055
Asia-Pacific,Maldives 🇲🇻,,Maldives,,,Published,Indian/Maldives,Welcome to the Maldives,,Atolls of white sand and shallow lagoons in countless shades of turquoise.,/maldives-hotels-ocean-view,Maldives Hotels and Overwater Villas with Ocean Views,"Overwater and beachfront villas across the Maldives atolls, from South Malé to Laamu — resorts chosen because the Indian Ocean horizon stays unbroken.","The Maldives has no landmark, no skyline — just the Indian Ocean in every direction. From the remote Thaa Atoll to the UNESCO waters of Baa, the resorts below were chosen because the view holds from the villa deck to the house reef below.",11,9,5/14/2026,8/12/2026,,,DEST-00056
Europe,Spain 🇪🇸,,Mallorca,,,Published,Europe/Madrid,Benvinguts a Mallorca,,"Tramuntana mountains, hidden coves, and Mediterranean light on Balearic limestone.",/mallorca-hotels-best-sea-views,Mallorca Hotels with Mediterranean and Tramuntana Views,From Cap Rocat's fortress walls above Palma Bay to La Residencia's hillside in Deà — Mallorca hotels selected for the views they actually deliver.,Mallorca's best views sit at its edges. The northwest coast drops from Tramuntana limestone to the Mediterranean; the Formentor peninsula curves north into the sea; Palma's bay opens west. The hotels below are spread across all three.,8,8,5/15/2026,8/13/2026,,,DEST-00057
Asia-Pacific,Philippines 🇵🇭,,Manila,,,Published,Asia/Manila,Maligayang pagdating sa Maynila,,"Manila Bay sunsets, Intramuros walls, and a skyline shaped by both seas.",/manila-hotels-best-view,Manila Hotels with Views of Manila Bay and the Skyline — The Most Perfect View,"Bay-facing suites, Makati infinity pools, and a 45th-floor bar above Ortigas. Seven Manila hotels selected for the view, with room recommendations for each.","Manila's best hotel views divide between two subjects: Manila Bay — open water, facing west, at its most vivid at sunset — and the layered skylines of Makati, Bonifacio Global City, and Ortigas. Some views belong to the room; others are the reason to book a table at a rooftop bar or reserve a poolside lounger at the top of the building.",7,8,4/28/2026,5/28/2026,,,DEST-00058
Africa,Morocco 🇲🇦,,Marrakech,,,Published,Africa/Casablanca,مرحباً بك في مراكش,,"Pink walls, Atlas snowcaps in winter, rooftop pools facing the medina.",/marrakech-hotels-medina-atlas-view,Marrakech Hotels with Medina & Atlas Mountain Views,"Marrakech hotel views chosen for their views of the 12th-century Koutoubia Mosque minaret, the Atlas Mountains, and riad rooftops.","From the medina's rooftop riads to the garden resorts on Route d'Amizmiz, Marrakech hotel views alternate between the Koutoubia Mosque minaret and the snow-capped Atlas Mountains — each landmark visible from a different part of the city.",9,8,5/14/2026,8/12/2026,,,DEST-00059
Europe,France 🇫🇷,,Marseille,,,Published,Europe/Paris,Bienvenue à Marseille,,"France's oldest port, Mediterranean cliffs, and the Calanques at every horizon.",/hotels-marseille-best-view,Marseille Hotels with Sea Views — Vieux Port & Corniche Kennedy — The Most Perfect View,Hotels in Marseille selected for Vieux Port and beach views — from the Old Port waterfront to the Corniche seafront. Room picks included for each property.,"Few cities in France put the Mediterranean this close to the centre — in Marseille, the sea is the view, whether that means the Old Port's boats and the Bonne Mère on the hill, or an open horizon from a room directly on the Corniche. The hotels below were selected for the quality of what they face.",8,9,4/15/2026,5/15/2026,,,DEST-00060
Asia-Pacific,Australia 🇦🇺,,Melbourne,,,Published,Australia/Melbourne,Welcome to Melbourne,,"Yarra reflections, Federation Square, and a skyline rewritten every decade.",/melbourne-hotels-best-views,Melbourne Hotels with the Best Skyline and Yarra River Views — The Most Perfect View,"Melbourne hotels selected for Yarra River and skyline views — Southbank, CBD, and East Melbourne. Room and suite recommendations for every property.","Melbourne's defining hotel views are specific: the Yarra River from a Southbank room with the skyline rising behind it, Port Phillip Bay to the south from the upper floors, and St. Patrick's Cathedral at close range from East Melbourne. Eureka Tower and Australia 108 frame most windows above the 20th floor. Some of these views belong to the room; others come from a rooftop restaurant or a pool deck above the city.",19,10,3/20/2026,4/19/2026,,,DEST-00061
Caribbean & Mexico,Mexico 🇲🇽,,Mexico City,,,Published,America/Mexico_City,Bienvenidos a Ciudad de México,,Volcanic peaks on clear mornings above an Aztec-Spanish capital of rooftops.,/mexico-city-hotels-best-views,"Mexico City Hotels with Views of El Ángel, Zócalo & Chapultepec — The Most Perfect View","The best hotels in Mexico City for views of El Ángel, the Zócalo, and Chapultepec — with room picks across Reforma, Polanco, and the Centro Histórico.","Mexico City's hotel views are unusually varied for a single metropolis: the Reforma corridor puts colonial monuments, Art Deco towers, and volcanic peaks in the same window, while Polanco and the Bosque de Chapultepec edge add a green counterpoint to the avenue's built fabric. The hotels on this page cover all three registers — from the Zócalo and the Cathedral at close range in the Centro Histórico to the forest canopy seen from above, across the city's main luxury districts.",11,9,4/29/2026,5/29/2026,,,DEST-00062
North America,United States 🇺🇸,Florida,Miami Beach,,,Published,America/New_York,Welcome to Miami Beach,,Art Deco oceanfront and Biscayne Bay — Caribbean light on Atlantic sand.,/miami-beach-best-oceanfront-hotels-view,Miami Beach Hotels with Views of the Atlantic and Miami Skyline — The Most Perfect View,Oceanfront rooms on Collins Avenue and Ocean Drive — from the South Beach corridor to Bal Harbour and Surfside. Room recommendations for all 18 hotels.,"Miami Beach hotels line up on the Atlantic in a way that few seaside destinations manage — oceanfront from the Art Deco strip on Ocean Drive to the restored Surf Club at Surfside, eighteen addresses with nothing between the room and the water. Some of those views belong to a suite; others are the reason to book a table at a pool terrace or a rooftop bar above Collins Avenue.",18,9,4/23/2026,5/23/2026,,,DEST-00063
Europe,Italy 🇮🇹,,Milan,,,Published,Europe/Rome,Benvenuti a Milano,,The Duomo's spires above terracotta rooftops — fashion's most photographed skyline.,/milan-hotels-best-duomo-views,Milan Hotels with Views of the Duomo & City Skyline — The Most Perfect View,"Duomo-facing rooms, rooftop bars above Porta Nuova, and the Galleria framed below. 11 hotels selected for what you'll actually see, with room recommendations.","Milan's Duomo anchors the view from a rooftop bar, a terrace suite, or a room window, depending on the hotel. The Galleria Vittorio Emanuele II and the Brera district define the historic centre, while Porta Nuova's glass towers offer a second skyline altogether — modern, lit at night, and visible from the northern end of the city.",0,8,4/30/2026,5/30/2026,,,DEST-00064
Asia-Pacific,India 🇮🇳,,Mumbai,,,Published,Asia/Kolkata,मुंबई में आपका स्वागत है,,Marine Drive's Queen's Necklace and the Arabian Sea framing Victorian Gothic façades.,/mumbai-hotels-best-sea-view,Mumbai Hotels with Sea Views of the Arabian Sea & Gateway of India — The Most Perfect View,"The Gateway of India from a suite window, the Queen's Necklace at night from Marine Drive — Mumbai's sea view hotels with room-by-room recommendations.","Mumbai's sea views are divided between the Gateway of India and the open Arabian Sea — two completely different orientations that define where you stay. Along Marine Drive, the Queen's Necklace curves from Nariman Point north to Malabar Hill; in Colaba, the harbour and the Gateway fill the same frame.",10,8,4/27/2026,5/27/2026,,,DEST-00065
Europe,Germany 🇩🇪,,Munich,,,Published,Europe/Berlin,Willkommen in München,,"Alpine foothills, Bavarian rooftops, and the Englischer Garten in soft southern light.",/munich-hotels-best-views,"Munich Hotels with Views of the Frauenkirche, Old Town & the Alps — The Most Perfect View","Marienplatz at arm's length, the Frauenkirche from a rooftop, the Alps on a clear morning. Seven Munich hotels selected for the view, with room recommendations.",Munich's views are dominated by one landmark: the Frauenkirche's twin towers are visible from hotel rooftops across the Old Town and from tower floors above the central station. The hotels below range from a boutique facing Marienplatz directly to a new-build on Karlsplatz with a private spa pool above the roofline.,7,8,4/25/2026,5/25/2026,,,DEST-00066
Europe,Greece 🇬🇷,,Mykonos,,,Published,Europe/Athens,Καλώς ήρθατε στη Μύκονο,,Whitewashed Cycladic geometry meeting the Aegean at every blue hour.,/mykonos-hotels-best-views,"Mykonos Hotels with Views of Psarou, Elia and the Aegean — The Most Perfect View","Sea-view hotels above Psarou, Elia, and Ornos Bay — from cliffside infinity pools to private beach access. Room and suite recommendations for 17 properties.","The best Mykonos views are inseparable from the beaches below them — Psarou and its moored yachts, the long arc of Elia, Ornos Bay at golden hour, and Kalafati facing east toward Naxos. We selected hotels where the beach is part of the frame, whether from a cliffside pool, a suite terrace, or a room that opens directly onto the Aegean.",17,9,3/22/2026,4/21/2026,,,DEST-00067
North America,United States 🇺🇸,South Carolina,Myrtle Beach,,,Published,America/New_York,Welcome to Myrtle Beach,,Sixty miles of Atlantic shoreline along the Carolina Grand Strand.,/myrtle-beach-hotels-ocean-view,Myrtle Beach Oceanfront Hotels & Resorts with Atlantic Views — The Most Perfect View,"Grand Strand hotels where the Atlantic fills the room, floor to ceiling. From 27-story towers to secluded all-suite retreats — room recommendations for each.","Sixty miles of Atlantic coastline give Myrtle Beach more genuine oceanfront room options than almost any stretch of the American East Coast. We chose properties where the ocean isn't across the street — it's in the window, from every floor. From the Grande Dunes in the north to Surfside Beach in the south, each hotel earns its place on view alone.",14,8,4/30/2026,5/30/2026,,,DEST-00068
North America,United States 🇺🇸,California,Napa Valley,,,Published,America/Los_Angeles,Welcome to Napa Valley,,"Vineyard ridges in golden light, the Mayacamas at every hilltop turn.",/napa-valley-hotels-vineyard-view,Napa Valley Hotels with Views of the Vineyards and Mayacamas,"Hotels across Napa Valley selected for vineyard and valley views — hilltop terraces, open ranch fields, and villas among the vines from Calistoga to Carneros.","Few wine regions have ridgelines this close to the valley floor — which is why a hilltop room in Napa delivers a view coastal wine country rarely matches. From the Rutherford hillside to the Carneros AVA, chosen for what is visible at eye level.",7,8,5/12/2026,10/8/2026,,,DEST-00069
North America,United States 🇺🇸,New York,New York,,,Published,America/New_York,Welcome to New York,,"Skyline, harbour, rivers — the city seen from every angle at every hour.",/new-york-hotel-views,New York City Hotels with the Best Skyline Views — The Most Perfect View,"Empire State Building close-ups, Central Park from upper floors, Times Square at night — New York hotel views curated room by room.","New York stacks its landmark views vertically — the Empire State Building from a floor-to-ceiling window, Central Park from an upper-floor suite, Times Square from a terrace after midnight. Some of the best vantage points here belong to a room; others are the reason to book a table at a rooftop bar or head to a penthouse above it. The skyline, the river, and the bridges are all in play, depending on the hotel and the floor.",32,12,3/21/2026,4/20/2026,,,DEST-00070
North America,Canada 🇨🇦,Ontario,Niagara Falls,,,Published,America/Toronto,Welcome to Niagara Falls,,The thunder of two waterfalls visible from every high-floor north-facing window.,/niagara-falls-hotels-with-falls-view-canada,"The Best Niagara Falls Hotels with Eye-Popping Views, Canada — The Most Perfect View","Explore the best hotels in Niagara Falls with spectacular views. Stay in the Canadian Fallsview area, where one can truly admire the American and Horseshoe Falls.","On the Canadian side, all the views point the same way: Horseshoe Falls and American Falls, from one corridor of hotels where the floor, the orientation, and the room category determine what you wake up to. Floor-to-ceiling glass, corner suites, and private balconies on a handful of buildings make the cascade the headline — the nightly illumination and morning mist do the rest.",10,9,4/15/2026,5/15/2026,,,DEST-00071
Europe,France 🇫🇷,,Nice,,,Published,Europe/Paris,Bienvenue à Nice,,The Promenade des Anglais and the Baie des Anges in Côte d'Azur blue.,/nice-hotels-best-beach-views,The Best Nice Hotels for Beach Views on the Promenade des Anglais — The Most Perfect View,"Hotels on and above Nice's Promenade des Anglais, chosen for verified beach views. Balcony rooms, rooftop terraces, and the Baie des Anges below.","Nice's finest hotels line one of the world's most recognized seafronts — the Promenade des Anglais, where the Baie des Anges stretches west as far as the light allows. The properties here range from a Belle Époque palace that has watched over the Promenade since 1913 to a five-star opened in November 2024 with a rooftop Michelin-starred table above the city.",6,8,4/14/2026,5/14/2026,,,DEST-00072
Asia-Pacific,Japan 🇯🇵,,Osaka,,,Published,Asia/Tokyo,大阪へようこそ,,"Castle moats, Dotonbori neon, and the Yodogawa under Kansai light.",/osaka-hotels-best-views,"Best Osaka Hotels with Views — Osaka Castle, Dotonbori & Bay — The Most Perfect View","From Abeno Harukas' 57th floor to Dotonbori's neon canal, 14 Osaka hotels selected for the view from the room. Best floors and suites flagged throughout.","Osaka organizes its hotel views around three distinct subjects: Osaka Castle to the east, the neon canal at Dotonbori, and the open bay to the west. The fourteen hotels on this list were chosen because one of these views — or all three — defines the stay.",14,8,4/30/2026,5/30/2026,,,DEST-00073
Europe,France 🇫🇷,,Paris,,,Published,Europe/Paris,Bienvenue à Paris,,Where iron lace meets the Seine at every golden hour.,/paris-hotels-eiffel-tower-view,Eiffel Tower View Hotels in Paris — Which Room to Book — The Most Perfect View,"The best Paris hotels where the Eiffel Tower fills the window — room picks, balcony options, rooftop bars, and three certified properties hand-verified by us.","The Eiffel Tower is visible from hotel rooms, terraces, and rooftops across Paris — but the quality of the view depends entirely on which room, which floor, and which angle. We've curated 28 properties where the tower view is the primary reason to stay, and verified three of them through our certification process. From the close-range suites at Shangri-La Paris to the balcony rooms in the 7th, each entry includes a specific recommendation for where to book within the hotel.",28,12,3/21/2026,4/20/2026,,,DEST-00074
Europe,Greece 🇬🇷,,Paros,,,Published,Europe/Athens,Καλώς ήρθατε στην Πάρο,,"Cycladic windmills, marble villages, and the Aegean from white-cubic terraces.",/paros-hotels-best-sea-views,Paros Hotels with the Best Sea Views,"Paros hotel views across the Aegean — infinity pools facing Naxos, sunset terraces over Parikia Bay, private pool suites on both coasts of the island.","On Paros, the view depends on the coast. West-facing rooms overlook Parikia Bay and open water; east-facing ones reach Naxos and Antiparos across the sea. The hotels here sit on both sides of the island, chosen for a direct sightline to water.",10,9,5/18/2026,8/16/2026,,,DEST-00075
Asia-Pacific,Australia 🇦🇺,,Perth,,,Published,Australia/Perth,Welcome to Perth,,"Swan River, Kings Park escarpment, and the Indian Ocean as Australia's western edge.",/perth-hotels-best-views,"Perth Hotels with Views of the Swan River, Bell Tower & Skyline — The Most Perfect View","Ten Perth hotels curated for their sightlines — Elizabeth Quay waterfront, Burswood riverbank, and Northbridge. Room picks and rooftop recommendations for each.","Perth sits on a river bend wide enough to reflect the entire CBD after dark. The Swan is the constant — from Elizabeth Quay to Burswood — while the afternoon light catches the west-facing towers in a way few Australian cities can match. From a corner suite above Hay Street, Saint Mary's Cathedral anchors the east end; from the Songbird Bar terrace, the Bell Tower marks the point where the river meets the city.",10,9,3/21/2026,4/20/2026,,,DEST-00076
Asia-Pacific,Thailand 🇹🇭,,Phuket,,,Published,Asia/Bangkok,ยินดีต้อนรับสู่ภูเก็ต,,"Limestone karsts in the Andaman Sea, beaches in every shade of palm green.",/phuket-hotels-best-beachfront-views,Phuket Hotels with the Best Andaman Sea and Beachfront Views — The Most Perfect View,"Private villa pools above the Andaman, hillside resorts over Kamala Bay, and a private island off the northeast coast — room and view recommendations for each.","Phuket's hotel views span a wide range: private villa pools cantilevered above the Andaman, beachfront terraces at sand level, and island resorts accessible only by boat. The western beaches — Surin, Kamala, Layan, and Kata Noi — face the sunset and the open sea. Cape Yamu, on the quieter east side, trades the Andaman for Phang Nga Bay and its karst formations.",16,9,3/31/2026,4/30/2026,,,DEST-00077
North America,United States 🇺🇸,California,Pismo Beach,,,Published,America/Los_Angeles,Welcome to Pismo Beach,,California's central coast where Pacific dunes meet vineyard hillsides.,/pismo-beach-hotels-best-oceanfront-views,Pismo Beach Hotels with the Best Oceanfront Views — The Most Perfect View,Ten independently curated hotels in Pismo Beach with confirmed Pacific views — from beachfront rooms in Downtown to clifftop balconies above Shell Beach.,"The Pacific arrives here without interruption — no harbor, no bay, just open water from the beach to the horizon. Most of the hotels on this list sit either directly on the sand or on the bluffs above Shell Beach, where the view is from the room or the balcony, not just the lobby. Sunsets are the event of the day.",10,8,4/30/2026,5/30/2026,,,DEST-00078
Caribbean & Mexico,Mexico 🇲🇽,,Playa del Carmen,,,Published,America/Cancun,Bienvenidos a Playa del Carmen,,"Riviera Maya turquoise, Mayan cenotes, the Caribbean as Mexico's clearest shoreline.",/playa-del-carmen-hotels-resorts-best-beachfront-views,Playa del Carmen Hotels with the Best Caribbean Views — The Most Perfect View,"Caribbean Sea from private balconies above Mayakoba's lagoons, overwater suites, and beachfront villas at Xcalacoco and Kanai. Eleven resorts, room recommendations for each.","Playa del Carmen sits at the point where the Riviera Maya concentrates its best beachfront land: Mayakoba's lagoon network to the north, the wild Kanai reserve further still, and a town-center shoreline close enough to Quinta Avenida to walk back from dinner. The Caribbean here is the shallow, warm, turquoise variety — the kind that makes the beach an argument in itself. For each property on this list, we identify the specific room, suite, or villa category where the view actually earns the booking.",11,8,4/29/2026,5/29/2026,,,DEST-00079
Europe,Portugal 🇵🇹,,Porto,,,Published,Europe/Lisbon,Bem-vindo ao Porto,,"Tiled façades cascading to the Douro, port-wine cellars across the river.",/porto-hotels-best-views,"Porto Hotels with Views of the Douro River, Dom Luís I Bridge & Ocean — The Most Perfect View","17 hotels selected for the view — the Douro from both banks, the Dom Luís I Bridge at close range, and the Atlantic at Foz. Room recommendations for each.","Porto's defining view is the Douro from a hotel above it — the Dom Luís I Bridge, the Ribeira's coloured houses, and the hillside of Gaia in the same frame. The hotels here range from the riverfront to the Atlantic coast at Foz, all chosen because the view is the reason to stay.",17,9,4/1/2026,5/1/2026,,,DEST-00080
Europe,Czech Republic 🇨🇿,,Prague,,,Published,Europe/Prague,Vítejte v Praze,,Red rooftops and Charles Bridge above the Vltava at every blue hour.,/prague-hotels-best-old-town-river-castle-views,"Prague Hotels with Views of Prague Castle, Charles Bridge & the Old Town — The Most Perfect View",From a riverside suite facing Charles Bridge to a rooftop below the castle walls — 18 Prague hotels chosen for the specific view each one delivers. Room recommendations included.,"Prague stacks its landmarks within a few hundred metres of one another — castle, cathedral, bridge, river — which means a hotel room here can frame all of them, or just one, depending on which side of the Vltava you're on.",18,9,4/24/2026,5/24/2026,,,DEST-00081
South America,Brazil 🇧🇷,,Rio de Janeiro,,,Published,America/Sao_Paulo,Bem-vindos ao Rio de Janeiro,,"Christ the Redeemer, Sugarloaf, and the Atlantic curving into Copacabana sand.",/rio-de-janeiro-luxury-hotels-best-beachfront-views,"Rio de Janeiro Hotels with Views of Sugarloaf, the Beaches & the Bay — The Most Perfect View","Rooms facing Copacabana, Ipanema, Leblon, and Barra da Tijuca, Sugarloaf from rooftop pools, Santa Teresa hilltop panoramas — with room recommendations.","Rio de Janeiro places its best hotels across three distinct geographies: the beachfront arc of Copacabana, Ipanema, and Leblon, the open Atlantic shore of Barra da Tijuca, and the hillside streets of Santa Teresa above the bay. Ocean-facing towers, design boutiques, and panoramic hilltop retreats make this one of the widest-ranging hotel cities in South America.",16,8,4/20/2026,5/20/2026,,,DEST-00082
Europe,Italy 🇮🇹,,Rome,,,Published,Europe/Rome,Benvenuti a Roma,,"Seven hills, baroque domes, and the Tiber under terracotta-soaked evening light.",/rome-luxury-hotels-best-city-views,"Rome Hotels with Views of the Colosseum, Spanish Steps & the Vatican — The Most Perfect View","Rooftop breakfasts above the Colosseum, high-floor suites framing St. Peter's dome, and Spanish Steps panoramas that begin at the window. Confirmed sightlines across 19 properties, chosen for vantage, not hype.","Rome's great views are specific: the Colosseum from a rooftop above the Via Sacra, St. Peter's dome from the Gianicolo, the Spanish Steps below a terrace at their summit, the Vittoriano at close range from a suite facing Piazza Venezia. Some of these views belong to the room; others are the reason to book a table at a rooftop bar or Michelin-starred restaurant. Both count.",19,8,4/30/2026,5/30/2026,,,DEST-00083
Europe,France 🇫🇷,,Saint-Tropez,,,Published,Europe/Paris,Bienvenue à Saint-Tropez,,"Côte d'Azur harbour, ochre houses, and Mediterranean light that defined a century.",/saint-tropez-luxury-hotels-best-centre-ville-sea-views,"Saint-Tropez Hotels with Sea Views, Rooftops & Bay Panoramas — The Most Perfect View",9 hotels selected for their views over the Gulf of Saint-Tropez — from hilltop panoramas to centre ville rooftop pools. Room recommendations for each.,Views in Saint-Tropez divide between the bay-facing old village and the hilltop estates above Ramatuelle. Nine hotels selected across both — from a small bayfront maison in the centre ville to a panoramic castle above Pampelonne.,9,8,4/14/2026,5/14/2026,,,DEST-00084
Europe,Austria 🇦🇹,,Salzburg,,,Published,Europe/Vienna,Willkommen in Salzburg,,"Hohensalzburg fortress above baroque rooftops, Alps at every northern horizon.",/salzburg-hotels-best-old-town-city-center-views,Salzburg Hotels with Views of the Old Town & Fortress Hohensalzburg — The Most Perfect View,"From the Salzach riverfront to Mönchstein Hill — nine hotels selected for the fortress silhouette, the Cathedral domes, and the Alps. Room picks for each.","The Fortress Hohensalzburg reads from nearly every angle in Salzburg — river level, rooftop, and hilltop. The hotels below range from the Salzach embankment to a castle above the Old Town, all chosen for the view from a room, a terrace, or a sky bar.",9,9,4/24/2026,5/24/2026,,,DEST-00085
North America,United States 🇺🇸,California,San Diego,,,Published,America/Los_Angeles,Welcome to San Diego,,"Pacific cliffs, La Jolla coves, and Coronado white sand in Southern California light.",/san-diego-hotels-best-beachfront-views,"San Diego Hotels with Ocean Views — La Jolla, Pacific Beach & Coronado — The Most Perfect View","Crystal Pier at sunrise, La Jolla Cove from a boutique rooftop, and the Coronado Bridge over San Diego Bay. Eleven hotels chosen for the view, with room picks for each.","San Diego's best views are specific: the Pacific from a cliffside balcony in La Jolla, the Coronado Bridge and city skyline from the bay, and Crystal Pier at golden hour from Pacific Beach. From intimate boutiques above La Jolla Cove to forty-floor towers over the Embarcadero, the hotels below were chosen for one reason — the view holds.",11,9,4/21/2026,5/21/2026,,,DEST-00086
North America,United States 🇺🇸,California,San Francisco,,,Published,America/Los_Angeles,Welcome to San Francisco,,"The Golden Gate, the bay, and seven square miles of rolling postcard.",/san-francisco-hotels-best-golden-gate-views,San Francisco Hotels with Views of the Golden Gate & the Bay — The Most Perfect View,"From a suite facing the Golden Gate Bridge to a bay-view room 48 floors above Embarcadero — 12 San Francisco hotels chosen for the view, with room recommendations.","San Francisco's best views depend on which direction you're facing. The Golden Gate Bridge reads differently from Sausalito than from a Nob Hill penthouse; the Bay Bridge belongs to the Embarcadero; Alcatraz sits due north of Fisherman's Wharf. Some of these views come from the room, others from a rooftop bar or a patio at the water's edge — both count.",12,9,4/30/2026,5/30/2026,,,DEST-00087
North America,United States 🇺🇸,California,Santa Monica,,,Published,America/Los_Angeles,Welcome to Santa Monica,,Pacific Palisades cliffs and the pier silhouette in Los Angeles' clearest ocean light.,/best-ocean-view-hotels-santa-monica,"Santa Monica Hotels with Views of the Pacific, Pier & Venice Beach — The Most Perfect View","Pacific views from beachfront rooms on the sand, balconies above the Pier, and elevated panoramas from the bluffs. Ten Santa Monica hotels, with room picks for each.",Santa Monica's shoreline runs from the bluffs above Palisades Park south to the Venice Beach boardwalk — one of the longest uninterrupted stretches of oceanfront in greater Los Angeles. The properties here range from rooms directly on the sand to rooftop perches high enough to put the Pier and the Pacific in the same frame.,10,9,4/21/2026,5/21/2026,,,DEST-00088
Europe,Greece 🇬🇷,,Santorini,,,Published,Europe/Athens,Καλώς ήρθατε στη Σαντορίνη,,Caldera views that turn sunset into a collective ritual.,/santorini-hotels-best-oia-imerovigli-caldera-views,"Santorini Hotels with Caldera Views — Oia, Imerovigli & Beyond — The Most Perfect View","Caldera views from infinity-edge pools, private terraces, and cliffside suites — Oia, Imerovigli, and Akrotiri. Room and suite recommendations for each property.","Santorini's caldera is a flooded volcanic crater — the view from its rim is one of the most recognisable in the world, and the hotels here are built around it. The properties on this page are in Oia, Imerovigli, and Akrotiri: some offer caldera views from a private terrace, while others offer them from a cliffside pool or a rooftop restaurant, depending on the hotel.",15,10,5/14/2026,8/12/2026,,,DEST-00089
Africa,Egypt 🇪🇬,,Sharm El-Sheikh,,,Published,Africa/Cairo,مرحباً بك في شرم الشيخ,,"Red Sea coral gardens, Sinai mountains, a desert coastline of clear water.",/sharm-el-sheikh-hotels-red-sea-view,Sharm El-Sheikh Hotels with Views — Red Sea & Gulf of Aqaba,"Sharm El-Sheikh hotels with genuine views of the Red Sea, Tiran Island, and the Sinai mountains — from elevated hillsides to private bays at reef level.","Sharm El-Sheikh sits where the Sinai desert ends and the Red Sea begins — Tiran Island on the horizon, the Saudi coastline across the water. The hotels below range from clifftop resorts with funicular beach access to private bays at reef level.",7,8,5/19/2026,8/17/2026,,,DEST-00090
Europe,Italy 🇮🇹,,Sicily,,,Published,Europe/Rome,Benvenuti in Sicilia,,"Volcanic Etna, baroque rooftops, and three coasts of Mediterranean light.",/sicily-hotels-best-etna-sea-views,Sicily Hotels with the Best Etna & Sea Views — Taormina to Palermo,"Clifftop infinity pools above the Ionian Sea, Etna from vineyard slopes, Belle Époque terraces on the Bay of Palermo, and Stromboli on the Aeolian horizon.","No island in Italy stacks contrasting views as densely as Sicily. Hotels here face the Ionian Sea from clifftops above Taormina, look up to Etna's crater from organic vineyards, and overlook the Bay of Palermo from an Art Nouveau promontory.",14,8,5/15/2026,8/13/2026,,,DEST-00091
South America,Brazil 🇧🇷,,São Paulo,,,Published,America/Sao_Paulo,Bem-vindos a São Paulo,,Brazil's largest skyline at altitude — a helicopter horizon in every direction.,/sao-paulo-hotels-best-views,The Best São Paulo Hotels for Skyline and Rooftop Views — The Most Perfect View,"10 São Paulo hotels for the skyline views worth booking for — red rooftop pools, 40th-floor terraces, stone-walled indoor pools. Room recommendations inside.","São Paulo concentrates some of South America's most dramatic urban views — the cable span of the Estaiada Bridge, a skyline that stretches further than any city on the continent, and, as a counterpoint, 11 hectares of Atlantic rainforest visible from a neoclassical palace.",10,9,4/17/2026,5/17/2026,,,DEST-00092
North America,United States 🇺🇸,Washington,Seattle,,,Published,America/Los_Angeles,Welcome to Seattle,,"Mount Rainier south, Puget Sound west, the Space Needle as a constant.",/seattle-hotels-best-space-needle-waterfront-views,Seattle Hotels with the Best Space Needle & Waterfront Views — The Most Perfect View,"The best rooms for seeing the Space Needle, Elliott Bay, and Pike Place Market — with specific room recommendations for every property.","Seattle divides its best views between the Space Needle to the north and Elliott Bay stretching west to the Olympic Mountains. The hotels on this list range from a boutique inside Pike Place Market to two new design openings from 2025, high-altitude suites, and the city's only over-water lodge.",13,9,4/23/2026,5/23/2026,,,DEST-00093
North America,United States 🇺🇸,Arizona,Sedona,,,Published,America/Phoenix,Welcome to Sedona,,Vermilion sandstone cathedrals rising from the Arizona high desert.,/sedona-hotels-best-red-rock-views,Sedona Hotels with the Best Red Rock Views — The Most Perfect View,"Room balconies above Oak Creek, canyon-edge casitas in Boynton Canyon, and rooftops facing Bell Rock and Snoopy Rock. Nine hotels, each matched to a specific formation.","Sedona's red rocks aren't a backdrop — they're the orientation. From a casita in Boynton Canyon to a balcony above Oak Creek, every hotel on this list was chosen for the specific formation it faces: Snoopy Rock, Bell Rock, Thunder Mountain, Cathedral Rock. Some of those views belong to the room; others are best reached from a rooftop or a trailhead ten steps from the gate.",9,8,4/30/2026,5/30/2026,,,DEST-00094
Asia-Pacific,South Korea 🇰🇷,,Seoul,,,Published,Asia/Seoul,서울에 오신 것을 환영합니다,,"Han River bends, palace rooftops, and Bukhansan ridges above twenty-five million.",/seoul-hotels-best-views,"Seoul Hotels with Skyline, Han River and Palace Views — The Most Perfect View","17 hotels across Gangnam, Myeongdong, Yeouido, and Hongdae — selected for confirmed sightlines of the Han River, Namsan, and Gyeongbokgung. Room picks included.","Seoul's hotel views divide into three distinct frames: the Han River winding through the city from Yeouido to Jamsil, the forest-covered Namsan with N Seoul Tower above it, and the Joseon-era palaces at the historical core. The hotels listed here were selected because those views are confirmed and specific — not incidental to a good location. From the 76th floor of Lotte World Tower to a riverside suite in Mapo, each property comes with a room recommendation.",17,9,4/17/2026,5/17/2026,,,DEST-00095
Europe,Spain 🇪🇸,,Seville,,,Published,Europe/Madrid,Bienvenidos a Sevilla,,"Andalusian patios, Giralda tower, and the Guadalquivir in Spanish golden light.",/seville-hotels-best-views,Seville Hotels with Views of La Giralda and the Cathedral — The Most Perfect View,"13 Seville hotels chosen for where they actually put you — opposite La Giralda, facing the Cathedral, or above Plaza de España. Room picks for every property","Seville concentrates its most significant landmarks — the Cathedral, La Giralda, and the Royal Alcázar — in a compact historic centre that makes choosing a hotel a meaningful decision. The properties on this list were selected for the quality and proximity of their views: rooftop pools that face the Cathedral directly, suite terraces with the Giralda in frame, and one hotel that breaks from that axis entirely to face Plaza de España.",13,9,4/16/2026,5/16/2026,,,DEST-00096
Asia-Pacific,China 🇨🇳,,Shanghai,,,Published,Asia/Shanghai,欢迎来到上海,,The Bund's colonial façades facing Pudong's lit skyline across the Huangpu.,/shanghai-hotels-best-views,Shanghai Hotels with Views of The Bund and Pudong Skyline — The Most Perfect View,"The Oriental Pearl Tower and Jin Mao Tower visible from Bund-side rooms, the historic waterfront from Pudong. The best Shanghai hotels for views — 11 picks, room recommendations.","Shanghai splits its greatest views across two banks. From The Bund, the Pudong skyline — the Pearl Tower, Jin Mao Tower, and Shanghai Tower — stands little more than a kilometre across the Huangpu River; from Pudong, the historic colonial facades of The Bund face back across the water. The hotels on this page sit on both sides of that exchange, ranging from century-old waterfront landmarks to the highest hotel rooms in China.",11,9,4/27/2026,5/27/2026,,,DEST-00097
Asia-Pacific,China 🇨🇳,,Shenzhen,,,Published,Asia/Shanghai,欢迎来到深圳,,South China's youngest skyline — glass towers above the Pearl River Delta.,/shenzhen-hotels-best-views,"Shenzhen Hotels with Views of the Skyline, Shenzhen Bay & Lotus Hill — The Most Perfect View","From Futian towers to Nanshan's coastal heights — hotels selected for confirmed views of Lianhuashan, Shenzhen Bay, and the skyline. Room picks for each.","Shenzhen puts its best hotels at altitude — the towers of Futian and Nanshan begin above the 60th floor, not below. The properties here, from supertalls in the central business district to a new coastal tower above Shenzhen Bay, were chosen because the view from the room is the reason to be there.",6,8,4/27/2026,5/27/2026,,,DEST-00098
Asia-Pacific,Singapore 🇸🇬,,Singapore,,,Published,Asia/Singapore,Welcome to Singapore,,"Marina Bay infinity pools, supertree groves, the Strait of Singapore at horizon.",/singapore-hotels-best-views,Singapore Hotels with Views of Marina Bay Sands & the Skyline — The Most Perfect View,"Singapore hotels selected for genuine Marina Bay and skyline views — rooftop pools, bay-facing suites, and room picks for every property.","Singapore frames its waterfront with an unusual consistency: the hotels closest to Marina Bay have views that are structured, not incidental — Marina Bay Sands from one side, the Esplanade from another, Gardens by the Bay below. This selection covers the full range of the bay, from hotels built directly over the water to rooftop bars at altitude, each chosen because the view is the strongest reason to book.",15,8,3/31/2026,4/30/2026,,,DEST-00099
Europe,Portugal 🇵🇹,,Sintra,,,Published,Europe/Lisbon,Bem-vindo a Sintra,,Palaces hidden in Atlantic mist — Portugal's most romantic forested ridge.,/sintra-hotels-best-views,"Sintra Hotels with Views of Pena Palace, the Moorish Castle & the Atlantic — The Most Perfect View","8 Sintra hotels chosen for what you'll actually see — the red battlements of the Moorish Castle, Pena Palace on the ridge, and Cape Roca over the Atlantic. Room recommendations for each.","Sintra's ridge holds the Moorish Castle and Pena Palace above a forested mountain chain that ends at the Atlantic. The hotels here were chosen for a view from one of three positions — the ridge, the village, or the coast.",8,8,4/2/2026,5/2/2026,,,DEST-00100
Europe,Sweden 🇸🇪,,Stockholm,,,Published,Europe/Stockholm,Välkommen till Stockholm,,An archipelago capital of waterfront views across fourteen Nordic-lit islands.,/stockholm-hotels-best-waterfront-views,Best Hotels in Stockholm with Royal Palace & Waterfront Views — The Most Perfect View,"Top Stockholm waterfront hotels chosen for the view from the room — with specific room picks, from Nybroviken bay to the Gamla Stan Old Town waterfront.","Few capitals place their best hotels as deliberately on the water as Stockholm does. From the Royal Palace waterfront to Saltsjö Bay, the ten properties here were selected for one criterion: the quality of what you see when you stay.",10,9,4/25/2026,5/25/2026,,,DEST-00101
Asia-Pacific,Australia 🇦🇺,,Sydney,,,Published,Australia/Sydney,Welcome to Sydney,,Opera House sails and Harbour Bridge — the most photographed waterfront on earth.,/sydney-hotels-best-harbour-views,Sydney Hotels with Views of the Harbour Bridge and Opera House — The Most Perfect View,"Sydney hotels selected for harbour, skyline, and beach views — the Harbour Bridge, Opera House, Bondi, and Coogee. Room recommendations for every property.","Sydney's most photographed views extend well beyond the harbour — from the Harbour Bridge and Opera House at Circular Quay to the Pacific at Coogee Beach and the skyline reading from both shores. We've selected properties for the quality of what's in the window, on every side of the city.",22,10,5/5/2026,6/4/2026,,,DEST-00102
Asia-Pacific,Japan 🇯🇵,,Tokyo,,,Published,Asia/Tokyo,東京へようこそ,,"Tokyo Tower, Mount Fuji on clear winter mornings, neon stretching to every horizon.",/tokyo-hotels-best-skyline-views,"Tokyo Hotels with Views of Tokyo Tower, Fuji & the Palace — The Most Perfect View","24 hotels selected for what you'll actually see — the red-and-white lattice at close range, the Imperial Palace gardens, Rainbow Bridge, and Mount Fuji on clear mornings. Room recommendations for each.","Tokyo's best hotel views divide cleanly by subject: Tokyo Tower close enough to fill the window, the Imperial Palace gardens spread below a breakfast table, Rainbow Bridge and the bay from an Odaiba waterfront room, or Mount Fuji at the horizon on a clear winter morning from Shinjuku. The 24 hotels below were selected because the view is the point — not incidental to the room, but the reason for it.",24,8,4/30/2026,5/30/2026,,,DEST-00103
North America,Canada 🇨🇦,Ontario,Toronto,,,Published,America/Toronto,Welcome to Toronto,,"CN Tower above Lake Ontario, a glass skyline reflected at every lakeshore window.",/toronto-hotels-best-skyline-views,Toronto Hotels with Views of the CN Tower and Lake Ontario — The Most Perfect View,"A 36-suite boutique above the 41st floor, a 1929 landmark opposite Union Station — 10 hotels chosen for confirmed sightlines of the tower, the lake, or both.","The CN Tower and Lake Ontario are Toronto's two dominant views — one vertical, one horizontal, often closer than expected. The hotels here put you in front of one or both.",10,8,4/15/2026,5/15/2026,,,DEST-00104
North America,Canada 🇨🇦,British Columbia,Vancouver,,,Published,America/Vancouver,Welcome to Vancouver,,"North Shore mountains, Stanley Park seawall, and Pacific inlets framing the city.",/vancouver-hotels-best-city-waterfront-views,Vancouver Hotels with the Best Waterfront and Mountain Views — The Most Perfect View,"Hotels in Vancouver selected for Coal Harbour, Stanley Park, and North Shore Mountain views. Specific room recommendations for every property.","Vancouver's Coal Harbour places mountains, inlet, and the edge of Stanley Park into one frame. The hotels here run from waterfront suites directly above the marina to towers overlooking False Creek and the downtown skyline.",14,10,4/15/2026,5/15/2026,,,DEST-00105
Europe,Italy 🇮🇹,,Venice,,,Published,Europe/Rome,Benvenuti a Venezia,,Where centuries of palaces rise straight from the lagoon at every tide.,/venice-hotels-best-canal-views,Venice Hotels with Views of the Grand Canal & Rialto Bridge — The Most Perfect View,"Canal rooms and romantic balconies at water level, the bridge at close range, San Giorgio Maggiore across the lagoon. Fifteen hotels with view picks for each.","The Grand Canal is Venice's main artery and its most romantic view — from palazzo windows, canal-side terraces, and dining rooms that hover just above the water. The Rialto Bridge, the dome of Santa Maria della Salute, and San Giorgio Maggiore across the basin keep reappearing from different angles throughout the city. St. Mark's Square anchors the eastern end of it all, and the hotels closest to it tend to have the most to show.",15,8,4/30/2026,5/30/2026,,,DEST-00106
Europe,Austria 🇦🇹,,Vienna,,,Published,Europe/Vienna,Willkommen in Wien,,"Hofburg rooftops, the Danube curve, and Vienna Woods on the western horizon.",/vienna-hotels-best-city-centre-cathedral-views,Vienna Hotels with Views of St. Stephen's Cathedral & the Opera — The Most Perfect View,"Cathedral suite balconies at Stephansplatz, the Opera façade from Kärntner Ring, the Ringstrasse from a rooftop pool — 15 properties with room recommendations.","Vienna's most photographed view depends on which side of the city you're standing. From the Innere Stadt, the view looks up at St. Stephen's Cathedral's diamond-tiled spire; from the Ringstrasse hotels, it's the State Opera and the tree-lined boulevard that fill the frame. The properties below range from Petersplatz in the historic core to the Danube skyline in Donaustadt — all chosen because the view is the argument.",15,9,4/24/2026,5/24/2026,,,DEST-00107
North America,United States 🇺🇸,Virginia,Virginia Beach,,,Published,America/New_York,Welcome to Virginia Beach,,Three miles of boardwalk where the Atlantic meets the Chesapeake Bay's mouth.,/virginia-beach-hotels-oceanfront-views,Virginia Beach Hotels with Oceanfront Views — The Most Perfect View,"The boardwalk below, the Atlantic from a private balcony, Orion's Roof 23 floors up. Fourteen hotels, budget to luxury, with room recommendations.","Virginia Beach's oceanfront runs three unbroken miles along the Atlantic, with every hotel on this list placed directly between the boardwalk and the water. The range here goes from a 1927 landmark with a private beach club to newly opened all-suite towers — all chosen because the view holds, regardless of floor or category.",14,9,4/23/2026,5/23/2026,,,DEST-00108
North America,United States 🇺🇸,DC,Washington DC,,,Published,America/New_York,Welcome to Washington DC,,"Monuments along the Potomac, the Mall in every season's changing light.",/washington-dc-hotels-best-national-mall-views,Washington DC Hotels with White House and Monument Views — The Most Perfect View,"Waterfront suites on the Tidal Basin, rooftops overlooking the White House, Capitol-view rooms steps from the Hill — independently reviewed.","Washington is a city built to be looked at — the Capitol at the end of the Mall, the Washington Monument rising above the floodplains, the White House behind its wrought-iron fence. Here, the view from a hotel window is often the same view that defines the city itself. We've chosen properties where the National Mall, the Potomac River, and the city's defining landmarks are part of the stay — not just visible from the outside.",12,9,3/31/2026,4/30/2026,,,DEST-00109
Europe,Switzerland 🇨🇭,,Zurich,,,Published,Europe/Zurich,Willkommen in Zürich,,Lake reflections and Alps on clear horizons — Limmat-side rooftops in alpine light.,/zurich-hotels-best-old-town-lake-views,"Zurich Hotels with Views of Lake Zurich, Old Town & the Alps — The Most Perfect View","Lakefront rooms on Utoquai, hillside suites above the fog line, a rooftop thermal pool over the water — the Zurich hotels where Lake Zurich is the view.","Lake Zurich is the view that defines the city — but not every hotel that claims it actually delivers. The lakefront rooms on Utoquai, the hilltop suites that look down over the water from above the fog, and the summit hotel at 871 metres where the lake fills the window at dawn: these are the positions worth knowing before you book.",11,9,4/1/2026,5/1/2026,,,DEST-00110
Europe,Turkey 🇹🇷,,Bodrum,,,Published,Europe/Istanbul,Bodrum'a hoş geldiniz,,"Aegean coves, the Castle of St Peter, and Turkey's most photographed Mediterranean coast.",/bodrum-hotels-best-views,Bodrum Hotels with the Best Views,"The Castle of St. Peter as a view object, Kos Island offshore, Yalikavak Marina as a foreground — six properties selected where the Aegean view is the point.","More layered than the Aegean coast to its south, Bodrum stacks its views: a 15th-century castle above the harbor, the Greek island of Kos offshore, and a marina that sets the foreground for some of the properties below.",6,8,11/5/2026,9/8/2026,,,DEST-00111
